event,trial,start_s,end_s,duration_s
tone,1,180.000000,190.000000,10.000000
shock,1,189.000000,190.000000,1.000000
tone,2,360.000000,370.000000,10.000000
shock,2,369.000000,370.000000,1.000000
tone,3,540.000000,550.000000,10.000000
shock,3,549.000000,550.000000,1.000000
tone,4,720.000000,730.000000,10.000000
shock,4,729.000000,730.000000,1.000000
tone,5,900.000000,910.000000,10.000000
shock,5,909.000000,910.000000,1.000000
